Price,Close,High,Low,Open,Volume
Ticker,GP,GP,GP,GP,GP
Date,,,,,
2024-02-21,2.140000104904175,2.200000047683716,2.0999999046325684,2.200000047683716,47300
2024-02-22,2.109999895095825,2.171999931335449,2.0299999713897705,2.140000104904175,59400
2024-02-23,2.0299999713897705,2.140000104904175,1.9800000190734863,2.140000104904175,95100
2024-02-26,2.0299999713897705,2.119999885559082,1.940000057220459,2.049999952316284,73200
2024-02-27,2.109999895095825,2.1600000858306885,2.0,2.0,68000
2024-02-28,2.130000114440918,2.190000057220459,2.1110000610351562,2.1600000858306885,31300
2024-02-29,2.130000114440918,2.2139999866485596,2.130000114440918,2.1700000762939453,23200
2024-03-01,2.240000009536743,2.25,2.1080000400543213,2.130000114440918,61800
2024-03-04,2.2300000190734863,2.367000102996826,2.190000057220459,2.309999942779541,43800
2024-03-05,2.1600000858306885,2.234999895095825,2.1549999713897705,2.1600000858306885,116300
2024-03-06,2.200000047683716,2.2929999828338623,2.1600000858306885,2.190000057220459,36500
2024-03-07,2.200000047683716,2.2869999408721924,2.0999999046325684,2.2300000190734863,25200
2024-03-08,2.200000047683716,2.309999942779541,2.140000104904175,2.140000104904175,46300
2024-03-11,2.240000009536743,2.2899999618530273,2.180000066757202,2.180000066757202,48900
2024-03-12,2.130000114440918,2.2300000190734863,2.130000114440918,2.200000047683716,31600
2024-03-13,2.130000114440918,2.200000047683716,2.069999933242798,2.0999999046325684,30200
2024-03-14,2.049999952316284,2.119999885559082,1.9800000190734863,2.0899999141693115,76200
2024-03-15,2.069999933242798,2.130000114440918,2.0450000762939453,2.069999933242798,7600
2024-03-18,2.0399999618530273,2.115000009536743,1.9900000095367432,2.0899999141693115,50400
2024-03-19,1.9299999475479126,2.0399999618530273,1.8799999952316284,2.0399999618530273,60800
2024-03-20,1.9800000190734863,2.0220000743865967,1.9199999570846558,1.9299999475479126,52100
2024-03-21,2.0299999713897705,2.0999999046325684,1.9420000314712524,1.9600000381469727,32400
2024-03-22,1.940000057220459,2.0,1.9049999713897705,1.9500000476837158,43700
2024-03-25,1.9500000476837158,2.0329999923706055,1.9199999570846558,1.9299999475479126,24800
2024-03-26,2.0199999809265137,2.0999999046325684,1.940000057220459,1.9800000190734863,26400
2024-03-27,2.0,2.055000066757202,1.9900000095367432,2.0299999713897705,17300
2024-03-28,1.9700000286102295,2.0799999237060547,1.9700000286102295,1.9700000286102295,17700
2024-04-01,1.9199999570846558,1.9950000047683716,1.8899999856948853,1.9500000476837158,70400
2024-04-02,1.8600000143051147,1.9700000286102295,1.809999942779541,1.899999976158142,35500
2024-04-03,1.809999942779541,1.899999976158142,1.809999942779541,1.809999942779541,52500
2024-04-04,1.7999999523162842,1.899999976158142,1.7400000095367432,1.8300000429153442,45500
2024-04-05,1.7699999809265137,1.8200000524520874,1.75,1.7799999713897705,31600
2024-04-08,1.7300000190734863,1.8420000076293945,1.659999966621399,1.7999999523162842,61000
2024-04-09,1.7000000476837158,1.809000015258789,1.6699999570846558,1.7300000190734863,26800
2024-04-10,1.7100000381469727,1.7899999618530273,1.6699999570846558,1.690000057220459,100400
2024-04-11,1.7699999809265137,1.8489999771118164,1.725000023841858,1.725000023841858,53800
2024-04-12,1.659999966621399,1.7899999618530273,1.649999976158142,1.7300000190734863,98400
2024-04-15,1.6799999475479126,1.7000000476837158,1.6200000047683716,1.6799999475479126,31800
2024-04-16,1.690000057220459,1.7100000381469727,1.6399999856948853,1.6399999856948853,30600
2024-04-17,1.7200000286102295,1.7400000095367432,1.649999976158142,1.6799999475479126,17000
2024-04-18,1.7300000190734863,1.7899999618530273,1.690000057220459,1.75,26900
2024-04-19,1.7599999904632568,1.7899999618530273,1.6699999570846558,1.75,47000
2024-04-22,1.7100000381469727,1.7999999523162842,1.7000000476837158,1.7999999523162842,22100
2024-04-23,1.8799999952316284,1.8899999856948853,1.7100000381469727,1.7300000190734863,27700
2024-04-24,1.8899999856948853,1.909999966621399,1.840000033378601,1.899999976158142,14900
2024-04-25,1.840000033378601,1.8899999856948853,1.7999999523162842,1.8600000143051147,10600
2024-04-26,1.8300000429153442,1.840000033378601,1.809999942779541,1.8300000429153442,9900
2024-04-29,1.8600000143051147,1.8899999856948853,1.8200000524520874,1.8700000047683716,16000
2024-04-30,1.8600000143051147,1.8799999952316284,1.809999942779541,1.8300000429153442,24100
2024-05-01,1.7799999713897705,1.8849999904632568,1.7699999809265137,1.8200000524520874,20500
2024-05-02,1.809999942779541,1.8600000143051147,1.7899999618530273,1.7999999523162842,15200
2024-05-03,1.7899999618530273,1.850000023841858,1.75,1.850000023841858,24900
2024-05-06,1.8200000524520874,1.9079999923706055,1.7899999618530273,1.899999976158142,77400
2024-05-07,1.3799999952316284,1.440000057220459,1.1799999475479126,1.3899999856948853,939000
2024-05-08,1.3200000524520874,1.3899999856948853,1.2699999809265137,1.3899999856948853,115800
2024-05-09,1.3700000047683716,1.399999976158142,1.2999999523162842,1.399999976158142,114100
2024-05-10,1.2699999809265137,1.3700000047683716,1.2000000476837158,1.3200000524520874,192500
2024-05-13,1.2899999618530273,1.3700000047683716,1.2699999809265137,1.3700000047683716,64200
2024-05-14,1.340000033378601,1.350000023841858,1.2999999523162842,1.3109999895095825,54000
2024-05-15,1.315000057220459,1.350000023841858,1.2999999523162842,1.3300000429153442,62800
2024-05-16,1.3700000047683716,1.3799999952316284,1.2999999523162842,1.3200000524520874,177200
2024-05-17,1.340000033378601,1.3899999856948853,1.3300000429153442,1.3899999856948853,34800
2024-05-20,1.2599999904632568,1.3200000524520874,1.2450000047683716,1.309999942779541,113200
2024-05-21,1.2899999618530273,1.2999999523162842,1.1699999570846558,1.25,72700
2024-05-22,1.2599999904632568,1.2999999523162842,1.2369999885559082,1.2699999809265137,40200
2024-05-23,1.2200000286102295,1.2899999618530273,1.2200000286102295,1.2599999904632568,65900
2024-05-24,1.2400000095367432,1.2699999809265137,1.2200000286102295,1.2599999904632568,71900
2024-05-28,1.2200000286102295,1.2699999809265137,1.190000057220459,1.2699999809265137,71700
2024-05-29,1.2000000476837158,1.2200000286102295,1.159999966621399,1.2200000286102295,53800
2024-05-30,1.1990000009536743,1.2389999628067017,1.1699999570846558,1.2100000381469727,35100
2024-05-31,1.1799999475479126,1.2000000476837158,1.059999942779541,1.2000000476837158,65300
2024-06-03,1.190000057220459,1.2200000286102295,1.149999976158142,1.2100000381469727,24400
2024-06-04,1.1399999856948853,1.1799999475479126,1.1299999952316284,1.159999966621399,66100
2024-06-05,1.149999976158142,1.1799999475479126,1.1100000143051147,1.1399999856948853,58200
2024-06-06,1.149999976158142,1.2100000381469727,1.1299999952316284,1.1299999952316284,67300
2024-06-07,1.1970000267028809,1.2000000476837158,1.1299999952316284,1.1399999856948853,53100
2024-06-10,1.1150000095367432,1.190000057220459,1.100000023841858,1.159999966621399,50200
2024-06-11,1.159999966621399,1.190000057220459,1.0700000524520874,1.1100000143051147,94600
2024-06-12,1.149999976158142,1.2000000476837158,1.1299999952316284,1.1299999952316284,80900
2024-06-13,1.149999976158142,1.2000000476837158,1.1200000047683716,1.159999966621399,31100
2024-06-14,1.1399999856948853,1.149999976158142,1.100000023841858,1.1100000143051147,17500
2024-06-17,1.100000023841858,1.1299999952316284,1.0700000524520874,1.100000023841858,46800
2024-06-18,1.1100000143051147,1.1399999856948853,1.0700000524520874,1.090000033378601,30300
2024-06-20,1.0700000524520874,1.1100000143051147,1.059999942779541,1.100000023841858,61900
2024-06-21,1.0199999809265137,1.0709999799728394,1.0099999904632568,1.0700000524520874,52900
2024-06-24,1.065000057220459,1.0800000429153442,1.0299999713897705,1.0299999713897705,32700
2024-06-25,1.0099999904632568,1.059999942779541,1.0099999904632568,1.0399999618530273,42600
2024-06-26,0.9900000095367432,1.0099999904632568,0.9800000190734863,1.0099999904632568,60400
2024-06-27,1.0299999713897705,1.0299999713897705,1.0,1.0,19600
2024-06-28,1.0399999618530273,1.0499999523162842,0.9900000095367432,1.0099999904632568,31100
2024-07-01,1.0399999618530273,1.100000023841858,1.0199999809265137,1.059999942779541,54200
2024-07-02,1.0099999904632568,1.0800000429153442,1.0,1.0299999713897705,57000
2024-07-03,1.0549999475479126,1.059999942779541,1.0099999904632568,1.0099999904632568,33600
2024-07-05,1.1200000047683716,1.2200000286102295,1.090000033378601,1.1799999475479126,200500
2024-07-08,1.2899999618530273,1.340000033378601,1.1200000047683716,1.1200000047683716,216600
2024-07-09,1.2400000095367432,1.2999999523162842,1.1699999570846558,1.2999999523162842,135600
2024-07-10,1.1920000314712524,1.25,1.1699999570846558,1.2400000095367432,63400
2024-07-11,1.2300000190734863,1.2400000095367432,1.149999976158142,1.2400000095367432,103600
2024-07-12,1.2599999904632568,1.2599999904632568,1.2100000381469727,1.2200000286102295,79200
2024-07-15,1.2200000286102295,1.2599999904632568,1.2000000476837158,1.2599999904632568,40700
2024-07-16,1.2400000095367432,1.2400000095367432,1.190000057220459,1.2200000286102295,34000
2024-07-17,1.159999966621399,1.2400000095367432,1.1299999952316284,1.2400000095367432,78800
2024-07-18,1.149999976158142,1.1799999475479126,1.1100000143051147,1.1699999570846558,47600
2024-07-19,1.1200000047683716,1.1699999570846558,1.1119999885559082,1.1699999570846558,32600
2024-07-22,1.125,1.1299999952316284,1.100000023841858,1.1119999885559082,23200
2024-07-23,1.1990000009536743,1.2000000476837158,1.1299999952316284,1.1299999952316284,74800
2024-07-24,1.1549999713897705,1.2300000190734863,1.1519999504089355,1.2000000476837158,46600
2024-07-25,1.090000033378601,1.149999976158142,1.090000033378601,1.1399999856948853,61700
2024-07-26,1.1100000143051147,1.1119999885559082,1.090000033378601,1.1100000143051147,27300
2024-07-29,1.0950000286102295,1.1299999952316284,1.0800000429153442,1.1100000143051147,22700
2024-07-30,1.0499999523162842,1.100000023841858,1.0299999713897705,1.0700000524520874,38000
2024-07-31,1.0399999618530273,1.059999942779541,1.0,1.0,50200
2024-08-01,1.0049999952316284,1.0529999732971191,1.0,1.0399999618530273,27000
2024-08-02,0.949999988079071,1.0099999904632568,0.9319999814033508,1.0099999904632568,109500
2024-08-05,0.9300000071525574,0.9800000190734863,0.8659999966621399,0.8659999966621399,85000
2024-08-06,0.9020000100135803,0.9760000109672546,0.8999999761581421,0.9599999785423279,82000
2024-08-07,0.8700000047683716,0.9399999976158142,0.8529999852180481,0.906000018119812,24800
2024-08-08,0.8799999952316284,0.8889999985694885,0.800000011920929,0.8769999742507935,54100
2024-08-09,0.8100000023841858,0.9200000166893005,0.7900000214576721,0.8899999856948853,57200
2024-08-12,0.7400000095367432,0.800000011920929,0.699999988079071,0.7749999761581421,154200
2024-08-13,0.777999997138977,0.8100000023841858,0.7300000190734863,0.7300000190734863,64300
2024-08-14,0.7549999952316284,0.8500000238418579,0.7440000176429749,0.7940000295639038,73700
2024-08-15,0.8769999742507935,0.8899999856948853,0.7900000214576721,0.7910000085830688,64500
2024-08-16,1.0199999809265137,1.0800000429153442,0.8700000047683716,0.8999999761581421,101200
2024-08-19,0.9300000071525574,1.0199999809265137,0.9300000071525574,1.0199999809265137,59500
2024-08-20,0.8999999761581421,0.949999988079071,0.8600000143051147,0.9200000166893005,34900
2024-08-21,0.9049999713897705,0.9100000262260437,0.8700000047683716,0.8700000047683716,34300
2024-08-22,0.8999999761581421,0.9200000166893005,0.8999999761581421,0.9100000262260437,55100
2024-08-23,0.9100000262260437,0.949999988079071,0.8999999761581421,0.8999999761581421,45800
2024-08-26,0.925000011920929,0.949999988079071,0.9010000228881836,0.9100000262260437,27300
2024-08-27,0.9100000262260437,0.9399999976158142,0.8799999952316284,0.9399999976158142,19900
2024-08-28,0.9129999876022339,0.9399999976158142,0.8899999856948853,0.8899999856948853,8000
2024-08-29,0.8999999761581421,0.9399999976158142,0.8899999856948853,0.9399999976158142,42400
2024-08-30,0.8999999761581421,0.9100000262260437,0.8799999952316284,0.8799999952316284,30700
2024-09-03,0.9100000262260437,0.9399999976158142,0.8799999952316284,0.8999999761581421,41300
2024-09-04,0.8700000047683716,0.9100000262260437,0.8399999737739563,0.8799999952316284,149100
2024-09-05,0.8700000047683716,0.8999999761581421,0.8500000238418579,0.8600000143051147,12500
2024-09-06,0.8399999737739563,0.8629999756813049,0.8299999833106995,0.8629999756813049,39300
2024-09-09,1.0099999904632568,1.0299999713897705,0.8399999737739563,0.859000027179718,141800
2024-09-10,0.9900000095367432,1.0800000429153442,0.9700000286102295,1.0299999713897705,190300
2024-09-11,1.1799999475479126,1.2100000381469727,0.9700000286102295,1.0099999904632568,252000
2024-09-12,1.409999966621399,1.4800000190734863,1.2200000286102295,1.2400000095367432,933100
2024-09-13,1.6299999952316284,1.7699999809265137,1.4550000429153442,1.4700000286102295,1169900
2024-09-16,1.4149999618530273,1.899999976158142,1.399999976158142,1.649999976158142,903700
2024-09-17,1.5199999809265137,1.6399999856948853,1.4299999475479126,1.4700000286102295,259400
2024-09-18,1.350000023841858,1.590000033378601,1.3300000429153442,1.5299999713897705,252100
2024-09-19,1.3300000429153442,1.4299999475479126,1.2999999523162842,1.399999976158142,189500
2024-09-20,1.2300000190734863,1.3899999856948853,1.1200000047683716,1.350000023841858,227500
2024-09-23,1.2000000476837158,1.2619999647140503,1.1619999408721924,1.2100000381469727,114800
2024-09-24,1.4900000095367432,1.590000033378601,1.25,1.3700000047683716,618700
2024-09-25,1.6100000143051147,1.6399999856948853,1.4500000476837158,1.5399999618530273,372400
2024-09-26,1.4600000381469727,1.600000023841858,1.3200000524520874,1.4199999570846558,439300
2024-09-27,1.4500000476837158,1.5299999713897705,1.4299999475479126,1.4900000095367432,77600
2024-09-30,1.3700000047683716,1.4500000476837158,1.3600000143051147,1.4299999475479126,64900
2024-10-01,1.3700000047683716,1.399999976158142,1.3200000524520874,1.3700000047683716,91500
2024-10-02,1.3200000524520874,1.399999976158142,1.309999942779541,1.350000023841858,37400
2024-10-03,1.2999999523162842,1.3899999856948853,1.2699999809265137,1.3700000047683716,97400
2024-10-04,1.3700000047683716,1.399999976158142,1.2899999618530273,1.3600000143051147,73300
2024-10-07,1.3200000524520874,1.3899999856948853,1.2999999523162842,1.3700000047683716,83600
2024-10-08,1.2799999713897705,1.340000033378601,1.1950000524520874,1.340000033378601,140900
2024-10-09,1.2899999618530273,1.2999999523162842,1.190000057220459,1.2799999713897705,80600
2024-10-10,1.2899999618530273,1.350000023841858,1.2300000190734863,1.309999942779541,25900
2024-10-11,1.25,1.309999942779541,1.2200000286102295,1.25,39600
2024-10-14,1.2400000095367432,1.2799999713897705,1.2000000476837158,1.2300000190734863,45100
2024-10-15,1.2899999618530273,1.2899999618530273,1.2000000476837158,1.2599999904632568,67800
2024-10-16,1.2699999809265137,1.2799999713897705,1.2000000476837158,1.2400000095367432,73200
2024-10-17,1.25,1.2999999523162842,1.2200000286102295,1.2699999809265137,41400
2024-10-18,1.2799999713897705,1.2899999618530273,1.2200000286102295,1.2200000286102295,51500
2024-10-21,1.2000000476837158,1.2699999809265137,1.1699999570846558,1.2300000190734863,145200
2024-10-22,1.2000000476837158,1.2300000190734863,1.159999966621399,1.2000000476837158,34200
2024-10-23,1.1799999475479126,1.2400000095367432,1.1399999856948853,1.2400000095367432,68000
2024-10-24,1.3450000286102295,1.350000023841858,1.1699999570846558,1.2200000286102295,319600
2024-10-25,1.4700000286102295,1.850000023841858,1.3600000143051147,1.399999976158142,2563900
2024-10-28,1.2050000429153442,1.4119999408721924,1.2000000476837158,1.399999976158142,1065100
2024-10-29,1.0099999904632568,1.0700000524520874,0.9520000219345093,1.0,2117600
2024-10-30,1.0099999904632568,1.0499999523162842,0.9890000224113464,1.0199999809265137,350900
2024-10-31,0.9800000190734863,1.0499999523162842,0.9599999785423279,1.0,282200
2024-11-01,0.9610000252723694,0.9900000095367432,0.9610000252723694,0.9900000095367432,150100
2024-11-04,0.9480000138282776,0.9900000095367432,0.9300000071525574,0.9300000071525574,180400
2024-11-05,0.9399999976158142,0.9599999785423279,0.9200000166893005,0.9520000219345093,101200
2024-11-06,0.8500000238418579,0.9300000071525574,0.8399999737739563,0.8999999761581421,645700
2024-11-07,0.8600000143051147,0.8830000162124634,0.8420000076293945,0.8500000238418579,246100
2024-11-08,0.8880000114440918,0.8949999809265137,0.8500000238418579,0.8790000081062317,258200
2024-11-11,0.925000011920929,0.9399999976158142,0.8799999952316284,0.8899999856948853,243300
2024-11-12,0.8999999761581421,0.9599999785423279,0.8899999856948853,0.9300000071525574,118400
2024-11-13,0.8899999856948853,0.9100000262260437,0.8500000238418579,0.8899999856948853,222500
2024-11-14,0.8230000138282776,0.8799999952316284,0.8209999799728394,0.8709999918937683,192500
2024-11-15,0.7879999876022339,0.8500000238418579,0.7749999761581421,0.8100000023841858,379700
2024-11-18,0.8169999718666077,0.8199999928474426,0.800000011920929,0.8090000152587891,64400
2024-11-19,0.8149999976158142,0.8199999928474426,0.7850000262260437,0.800000011920929,198700
2024-11-20,0.7850000262260437,0.8159999847412109,0.7839999794960022,0.8100000023841858,92800
2024-11-21,0.8180000185966492,0.8199999928474426,0.800000011920929,0.8100000023841858,56100
2024-11-22,0.8349999785423279,0.8500000238418579,0.8019999861717224,0.8019999861717224,132600
2024-11-25,0.9020000100135803,0.9100000262260437,0.8100000023841858,0.8149999976158142,234400
2024-11-26,0.9300000071525574,0.949999988079071,0.8830000162124634,0.9100000262260437,109400
2024-11-27,1.0099999904632568,1.034999966621399,0.9200000166893005,0.9200000166893005,315800
2024-11-29,0.9940000176429749,1.0299999713897705,0.9390000104904175,1.0099999904632568,101900
2024-12-02,0.9700000286102295,1.0,0.9200000166893005,0.9700000286102295,251100
2024-12-03,0.9449999928474426,0.9900000095367432,0.921999990940094,0.9900000095367432,75800
2024-12-04,0.8849999904632568,0.949999988079071,0.8629999756813049,0.9200000166893005,193500
2024-12-05,0.9259999990463257,0.9399999976158142,0.8600000143051147,0.8799999952316284,91600
2024-12-06,0.8999999761581421,0.9399999976158142,0.8899999856948853,0.9200000166893005,102200
2024-12-09,0.878000020980835,0.9369999766349792,0.8700000047683716,0.9200000166893005,161100
2024-12-10,0.8989999890327454,0.9100000262260437,0.8500000238418579,0.8820000290870667,122200
2024-12-11,0.8679999709129333,0.9200000166893005,0.8500000238418579,0.9100000262260437,117800
2024-12-12,0.8429999947547913,0.8799999952316284,0.8399999737739563,0.8679999709129333,112800
2024-12-13,0.7900000214576721,0.8700000047683716,0.75,0.8690000176429749,215300
2024-12-16,0.8080000281333923,0.8240000009536743,0.7900000214576721,0.7910000085830688,129200
2024-12-17,0.796999990940094,0.8100000023841858,0.7799999713897705,0.8080000281333923,110900
2024-12-18,0.7549999952316284,0.8080000281333923,0.7400000095367432,0.7910000085830688,199600
2024-12-19,0.7680000066757202,0.800000011920929,0.7459999918937683,0.7789999842643738,171400
2024-12-20,0.75,0.7649999856948853,0.7400000095367432,0.7649999856948853,319400
2024-12-23,0.7200000286102295,0.7789999842643738,0.7129999995231628,0.7789999842643738,274400
2024-12-24,0.7419999837875366,0.75,0.7129999995231628,0.7200000286102295,74900
2024-12-26,0.7950000166893005,0.800000011920929,0.7400000095367432,0.75,158500
2024-12-27,0.7580000162124634,0.800000011920929,0.7269999980926514,0.800000011920929,150500
2024-12-30,0.7409999966621399,0.7599999904632568,0.7300000190734863,0.7400000095367432,133700
2024-12-31,0.7689999938011169,0.7699999809265137,0.7300000190734863,0.7300000190734863,162200
2025-01-02,0.7820000052452087,0.800000011920929,0.75,0.75,96700
2025-01-03,0.800000011920929,0.8109999895095825,0.7699999809265137,0.7699999809265137,105100
2025-01-06,0.8199999928474426,0.8399999737739563,0.7900000214576721,0.8029999732971191,163400
2025-01-07,0.8199999928474426,0.8600000143051147,0.7900000214576721,0.8149999976158142,127800
2025-01-08,0.7799999713897705,0.8299999833106995,0.753000020980835,0.8059999942779541,172200
2025-01-10,1.0199999809265137,1.090000033378601,0.7910000085830688,0.8299999833106995,1368100
2025-01-13,0.9100000262260437,1.0399999618530273,0.8999999761581421,1.0199999809265137,341900
2025-01-14,0.8450000286102295,0.9700000286102295,0.7599999904632568,0.9399999976158142,204200
2025-01-15,0.824999988079071,0.9200000166893005,0.8199999928474426,0.8799999952316284,163100
2025-01-16,0.8230000138282776,0.8299999833106995,0.7990000247955322,0.8220000267028809,94200
2025-01-17,0.8050000071525574,0.8349999785423279,0.800000011920929,0.824999988079071,67400
2025-01-21,0.8100000023841858,0.8199999928474426,0.7839999794960022,0.8199999928474426,140000
2025-01-22,0.7929999828338623,0.8100000023841858,0.7799999713897705,0.800000011920929,104000
2025-01-23,0.8100000023841858,0.8299999833106995,0.7799999713897705,0.7919999957084656,69000
2025-01-24,0.8659999966621399,0.875,0.7900000214576721,0.8169999718666077,201900
2025-01-27,0.8180000185966492,0.8769999742507935,0.800000011920929,0.8769999742507935,61900
2025-01-28,0.7990000247955322,0.8399999737739563,0.7799999713897705,0.8050000071525574,95600
2025-01-29,0.800000011920929,0.8299999833106995,0.7799999713897705,0.7799999713897705,82000
2025-01-30,0.7850000262260437,0.8090000152587891,0.7699999809265137,0.7990000247955322,48500
2025-01-31,0.8349999785423279,0.8399999737739563,0.7630000114440918,0.7979999780654907,168200
2025-02-03,0.7900000214576721,0.800000011920929,0.75,0.7699999809265137,91600
2025-02-04,0.8100000023841858,0.8299999833106995,0.7900000214576721,0.7900000214576721,37100
2025-02-05,0.7799999713897705,0.8299999833106995,0.7730000019073486,0.800000011920929,41500
2025-02-06,0.7350000143051147,0.7850000262260437,0.7319999933242798,0.7710000276565552,271100
2025-02-07,0.7519999742507935,0.765999972820282,0.7350000143051147,0.7350000143051147,134000
2025-02-10,0.7509999871253967,0.7670000195503235,0.7409999966621399,0.75,42600
2025-02-11,0.7509999871253967,0.7649999856948853,0.7360000014305115,0.7599999904632568,80200
2025-02-12,0.7350000143051147,0.75,0.7200000286102295,0.75,154600
2025-02-13,0.7450000047683716,0.753000020980835,0.7250000238418579,0.7300000190734863,76500
2025-02-14,0.7250000238418579,0.7699999809265137,0.7229999899864197,0.7310000061988831,157200
2025-02-18,0.7459999918937683,0.7590000033378601,0.7229999899864197,0.7229999899864197,197400
2025-02-19,0.75,0.7699999809265137,0.7210000157356262,0.75,115600
2025-02-20,0.7210000157356262,0.75,0.7099999785423279,0.734000027179718,123200
2025-02-21,0.7070000171661377,0.7400000095367432,0.699999988079071,0.7269999980926514,154800
2025-02-24,0.6919999718666077,0.7250000238418579,0.6909999847412109,0.7009999752044678,127800
2025-02-25,0.625,0.7009999752044678,0.6119999885559082,0.7009999752044678,257000
2025-02-26,0.6079999804496765,0.6499999761581421,0.5929999947547913,0.6200000047683716,207300
2025-02-27,0.5600000023841858,0.6399999856948853,0.5410000085830688,0.6200000047683716,401900
2025-02-28,0.5699999928474426,0.5870000123977661,0.5600000023841858,0.5789999961853027,202100
2025-03-03,0.5009999871253967,0.5870000123977661,0.5009999871253967,0.5870000123977661,290400
2025-03-04,0.4779999852180481,0.5099999904632568,0.44999998807907104,0.5,141800
2025-03-05,0.5249999761581421,0.5400000214576721,0.4729999899864197,0.4729999899864197,124000
2025-03-06,0.5149999856948853,0.5400000214576721,0.4909999966621399,0.5220000147819519,144200
2025-03-07,0.5180000066757202,0.5389999747276306,0.5040000081062317,0.5270000100135803,53800
2025-03-10,0.47600001096725464,0.5350000262260437,0.4699999988079071,0.5099999904632568,109000
2025-03-11,0.4970000088214874,0.5239999890327454,0.4699999988079071,0.4699999988079071,35100
2025-03-12,0.5040000081062317,0.5099999904632568,0.47999998927116394,0.49000000953674316,199200
2025-03-13,0.5120000243186951,0.5400000214576721,0.48500001430511475,0.49900001287460327,149100
2025-03-14,0.5569999814033508,0.5799999833106995,0.5199999809265137,0.5600000023841858,52600
2025-03-17,0.5699999928474426,0.5899999737739563,0.5299999713897705,0.5600000023841858,84800
2025-03-18,0.5870000123977661,0.5899999737739563,0.5389999747276306,0.5899999737739563,14100
2025-03-19,0.5720000267028809,0.6000000238418579,0.5600000023841858,0.5920000076293945,18100
2025-03-20,0.593999981880188,0.6439999938011169,0.5699999928474426,0.5830000042915344,91600
2025-03-21,0.5699999928474426,0.5960000157356262,0.5600000023841858,0.5799999833106995,18800
2025-03-24,0.5509999990463257,0.6000000238418579,0.5400000214576721,0.5699999928474426,69600
2025-03-25,0.550000011920929,0.5680000185966492,0.5400000214576721,0.550000011920929,14300
2025-03-26,0.5709999799728394,0.5709999799728394,0.5400000214576721,0.5400000214576721,34600
2025-03-27,0.5600000023841858,0.5799999833106995,0.5400000214576721,0.550000011920929,44100
2025-03-28,0.5370000004768372,0.5899999737739563,0.5040000081062317,0.5789999961853027,29200
2025-03-31,0.49000000953674316,0.5479999780654907,0.47999998927116394,0.5170000195503235,65900
2025-04-01,0.4699999988079071,0.49000000953674316,0.4099999964237213,0.4830000102519989,220700
2025-04-02,0.5099999904632568,0.5099999904632568,0.46000000834465027,0.46000000834465027,59400
2025-04-03,0.4399999976158142,0.5,0.4399999976158142,0.4729999899864197,69500
2025-04-04,0.4620000123977661,0.5,0.44999998807907104,0.46700000762939453,76900
2025-04-07,0.4399999976158142,0.4560000002384186,0.4099999964237213,0.4440000057220459,66500
2025-04-08,0.4300000071525574,0.5,0.41999998688697815,0.46700000762939453,53000
2025-04-09,0.4300000071525574,0.44200000166893005,0.4099999964237213,0.4300000071525574,111200
2025-04-10,0.41999998688697815,0.44600000977516174,0.41999998688697815,0.44600000977516174,40100
2025-04-11,0.4300000071525574,0.4519999921321869,0.42899999022483826,0.4339999854564667,58700
2025-04-14,0.4259999990463257,0.46000000834465027,0.41999998688697815,0.4399999976158142,144000
2025-04-15,0.4429999887943268,0.47999998927116394,0.4309999942779541,0.4779999852180481,82300
2025-04-16,0.4309999942779541,0.44699999690055847,0.4300000071525574,0.44699999690055847,18200
2025-04-17,0.43799999356269836,0.44999998807907104,0.4259999990463257,0.4399999976158142,8400
2025-04-21,0.41999998688697815,0.44600000977516174,0.41999998688697815,0.4300000071525574,13500
2025-04-22,0.41999998688697815,0.44999998807907104,0.41999998688697815,0.44200000166893005,35500
2025-04-23,0.43299999833106995,0.44999998807907104,0.41999998688697815,0.43799999356269836,48300
2025-04-24,0.4399999976158142,0.46000000834465027,0.4399999976158142,0.4569999873638153,21000
2025-04-25,0.43799999356269836,0.44699999690055847,0.41999998688697815,0.4399999976158142,17600
2025-04-28,0.4399999976158142,0.44999998807907104,0.41999998688697815,0.4399999976158142,15700
2025-04-29,0.4399999976158142,0.44999998807907104,0.4300000071525574,0.4399999976158142,27900
2025-04-30,0.44999998807907104,0.44999998807907104,0.42100000381469727,0.4309999942779541,33300
2025-05-01,0.46000000834465027,0.4699999988079071,0.4300000071525574,0.46000000834465027,55000
2025-05-02,0.44999998807907104,0.46000000834465027,0.4320000112056732,0.44999998807907104,46000
2025-05-05,0.44999998807907104,0.4699999988079071,0.44699999690055847,0.4690000116825104,31100
2025-05-06,0.4339999854564667,0.453000009059906,0.4300000071525574,0.4300000071525574,24400
2025-05-07,0.44999998807907104,0.46000000834465027,0.43299999833106995,0.46000000834465027,11500
2025-05-08,0.4449999928474426,0.4569999873638153,0.4300000071525574,0.4569999873638153,22200
2025-05-09,0.4350000023841858,0.44999998807907104,0.4129999876022339,0.4399999976158142,99900
2025-05-12,0.4429999887943268,0.4569999873638153,0.4399999976158142,0.44999998807907104,61300
2025-05-13,0.46000000834465027,0.47999998927116394,0.44699999690055847,0.47999998927116394,76500
2025-05-14,0.4410000145435333,0.5149999856948853,0.4399999976158142,0.5149999856948853,126600
2025-05-15,0.44999998807907104,0.49000000953674316,0.44200000166893005,0.49000000953674316,67300
2025-05-16,0.46000000834465027,0.49000000953674316,0.44999998807907104,0.44999998807907104,112800
2025-05-19,0.4650000035762787,0.49000000953674316,0.46000000834465027,0.46000000834465027,28400
2025-05-20,0.46000000834465027,0.4699999988079071,0.45500001311302185,0.4699999988079071,28400
2025-05-21,0.44999998807907104,0.47200000286102295,0.44999998807907104,0.460999995470047,28100
2025-05-22,0.44999998807907104,0.4659999907016754,0.4390000104904175,0.44999998807907104,26300
2025-05-23,0.44999998807907104,0.4560000002384186,0.4300000071525574,0.4560000002384186,29100
2025-05-27,0.4410000145435333,0.44999998807907104,0.42800000309944153,0.4390000104904175,78500
2025-05-28,0.43799999356269836,0.44699999690055847,0.41999998688697815,0.44699999690055847,49600
2025-05-29,0.42899999022483826,0.49000000953674316,0.42800000309944153,0.44699999690055847,264300
2025-05-30,0.42500001192092896,0.44999998807907104,0.42500001192092896,0.4300000071525574,36100
2025-06-02,0.4300000071525574,0.46000000834465027,0.41999998688697815,0.4399999976158142,55100
2025-06-03,0.42500001192092896,0.4359999895095825,0.41999998688697815,0.4300000071525574,39800
2025-06-04,0.421999990940094,0.44999998807907104,0.41999998688697815,0.4449999928474426,65100
2025-06-05,0.4390000104904175,0.4399999976158142,0.42100000381469727,0.4320000112056732,47100
2025-06-06,0.4300000071525574,0.44999998807907104,0.42100000381469727,0.42500001192092896,60500
2025-06-09,0.4259999990463257,0.4440000057220459,0.4230000078678131,0.4399999976158142,31100
2025-06-10,0.4300000071525574,0.4699999988079071,0.4230000078678131,0.4699999988079071,48100
2025-06-11,0.42500001192092896,0.4410000145435333,0.42100000381469727,0.42100000381469727,54300
2025-06-12,0.4320000112056732,0.43299999833106995,0.41999998688697815,0.4300000071525574,62200
2025-06-13,0.40799999237060547,0.4269999861717224,0.3959999978542328,0.4269999861717224,192600
2025-06-16,0.3970000147819519,0.4099999964237213,0.3959999978542328,0.40299999713897705,71400
2025-06-17,0.4009999930858612,0.4099999964237213,0.3970000147819519,0.4000000059604645,100800
2025-06-18,0.40799999237060547,0.41999998688697815,0.39100000262260437,0.4020000100135803,80800
2025-06-20,0.39800000190734863,0.43700000643730164,0.3930000066757202,0.42399999499320984,34300
2025-06-23,0.3919999897480011,0.40299999713897705,0.38100001215934753,0.4000000059604645,55700
2025-06-24,0.3840000033378601,0.4000000059604645,0.38100001215934753,0.4000000059604645,60400
2025-06-25,0.382999986410141,0.38999998569488525,0.3779999911785126,0.38999998569488525,46500
2025-06-26,0.3799999952316284,0.38999998569488525,0.3700000047683716,0.38999998569488525,87800
2025-06-27,0.4000000059604645,0.4050000011920929,0.3799999952316284,0.4000000059604645,167200
2025-06-30,0.4000000059604645,0.4099999964237213,0.38100001215934753,0.4099999964237213,74500
2025-07-01,0.38600000739097595,0.4000000059604645,0.3799999952316284,0.3970000147819519,46700
2025-07-02,0.4000000059604645,0.4000000059604645,0.36500000953674316,0.382999986410141,109500
2025-07-03,0.4099999964237213,0.4300000071525574,0.3919999897480011,0.4000000059604645,123200
2025-07-07,0.4180000126361847,0.41999998688697815,0.38999998569488525,0.4050000011920929,45600
2025-07-08,0.41499999165534973,0.41499999165534973,0.37700000405311584,0.4000000059604645,126800
2025-07-09,0.42500001192092896,0.4300000071525574,0.4050000011920929,0.4090000092983246,51900
2025-07-10,0.41999998688697815,0.43299999833106995,0.4099999964237213,0.4300000071525574,111200
2025-07-11,0.4269999861717224,0.4410000145435333,0.41999998688697815,0.41999998688697815,45200
2025-07-14,0.42899999022483826,0.43700000643730164,0.4000000059604645,0.4050000011920929,98600
2025-07-15,0.40299999713897705,0.4300000071525574,0.3799999952316284,0.4300000071525574,125700
2025-07-16,0.41499999165534973,0.41999998688697815,0.40299999713897705,0.4059999883174896,24900
2025-07-17,0.3869999945163727,0.41999998688697815,0.382999986410141,0.4169999957084656,108600
2025-07-18,0.3970000147819519,0.43799999356269836,0.3799999952316284,0.39100000262260437,444600
2025-07-21,0.4090000092983246,0.4300000071525574,0.38100001215934753,0.4230000078678131,117300
2025-07-22,0.4169999957084656,0.4169999957084656,0.38999998569488525,0.41600000858306885,38900
2025-07-23,0.4300000071525574,0.4300000071525574,0.3959999978542328,0.41600000858306885,78200
2025-07-24,0.42399999499320984,0.4300000071525574,0.4000000059604645,0.41999998688697815,110700
2025-07-25,0.3799999952316284,0.4300000071525574,0.3799999952316284,0.4300000071525574,153500
2025-07-28,0.3799999952316284,0.3959999978542328,0.3700000047683716,0.38499999046325684,64300
2025-07-29,0.36399999260902405,0.4000000059604645,0.36000001430511475,0.4000000059604645,106800
2025-07-30,0.3199999928474426,0.3610000014305115,0.3140000104904175,0.3499999940395355,259400
2025-07-31,0.31200000643730164,0.3499999940395355,0.3109999895095825,0.3109999895095825,162600
2025-08-01,0.3330000042915344,0.35600000619888306,0.2800000011920929,0.32499998807907104,471100
2025-08-04,0.44999998807907104,0.6420000195503235,0.3319999873638153,0.3449999988079071,75977200
2025-08-05,0.4390000104904175,0.4790000021457672,0.4000000059604645,0.41499999165534973,1369100
2025-08-06,0.36000001430511475,0.421999990940094,0.36000001430511475,0.41200000047683716,533300
2025-08-07,0.3889999985694885,0.4000000059604645,0.36000001430511475,0.36000001430511475,359900
2025-08-08,0.35199999809265137,0.4000000059604645,0.3499999940395355,0.3869999945163727,555100
2025-08-11,0.35499998927116394,0.4050000011920929,0.3400000035762787,0.4050000011920929,228300
2025-08-12,0.3869999945163727,0.38999998569488525,0.3499999940395355,0.3529999852180481,315400
2025-08-13,0.39800000190734863,0.40299999713897705,0.3799999952316284,0.4000000059604645,104900
2025-08-14,0.3959999978542328,0.40799999237060547,0.38999998569488525,0.3959999978542328,97800
2025-08-15,0.39800000190734863,0.4000000059604645,0.3799999952316284,0.3970000147819519,176200
2025-08-18,0.38100001215934753,0.4099999964237213,0.37599998712539673,0.4000000059604645,193400
2025-08-19,0.36000001430511475,0.38999998569488525,0.35499998927116394,0.3799999952316284,186800
2025-08-20,0.33399999141693115,0.3659999966621399,0.3310000002384186,0.3659999966621399,224300
